{
    "columns": [
        "hour",
        "is_weekend",
        "is_holiday",
        "month",
        "vehicle_count",
        "avg_speed_kmh",
        "delay_minutes",
        "day_of_week_enc",
        "junction_name_enc",
        "weather_enc",
        "event_nearby_enc",
        "anomaly_cause_enc",
        "is_peak_morning",
        "is_peak_evening",
        "is_night",
        "is_peak",
        "hour_sin",
        "hour_cos",
        "month_sin",
        "month_cos",
        "avg_event_impact",
        "avg_event_attendance",
        "event_count",
        "speed_x_volume",
        "delay_per_vehicle"
    ],
    "means": {
        "hour": 12.534027438859065,
        "is_weekend": 0.2029716392820346,
        "is_holiday": 0.008134049129656743,
        "month": 5.620573721598611,
        "vehicle_count": 544.0994042126453,
        "avg_speed_kmh": 37.63129547880033,
        "delay_minutes": 10.564555829614076,
        "day_of_week_enc": 2.888509299929505,
        "junction_name_enc": 4.347432351824739,
        "weather_enc": 0.817580391518898,
        "event_nearby_enc": 4.248739222384903,
        "anomaly_cause_enc": 1.2635974187950763,
        "is_peak_morning": 0.19201778645409684,
        "is_peak_evening": 0.27324982376226886,
        "is_night": 0.19830811778103138,
        "is_peak": 0.4652676102163657,
        "hour_sin": -0.10403174702758464,
        "hour_cos": -0.1416559527420859,
        "month_sin": 0.10777492050692869,
        "month_cos": -0.15588434206055493,
        "avg_event_impact": 1.7536981243801737,
        "avg_event_attendance": 42573.45429541696,
        "event_count": 110.29353071959221,
        "speed_x_volume": 13560.167215864152,
        "delay_per_vehicle": 0.04839274645739254
    }
}